0,sh000001,上证指数,3106.5972,17.339,0.561,3089.2579,3087.5130,3107.4853,3073.0540,164183941,190849085820
1,sh000002,Ａ股指数,3256.3817,18.190,0.562,3238.1922,3236.3570,3257.3183,3221.1746,164032050,190730975878
2,sh000003,Ｂ股指数,283.0634,1.089,0.386,281.9741,282.0131,283.0634,281.2101,136063,69737793
3,sh000004,工业指数,2842.1562,20.619,0.731,2821.5371,2821.3042,2842.8583,2807.5201,85337181,122461068896
4,sh000005,商业指数,2543.6121,4.562,0.180,2539.0502,2534.3841,2545.1482,2515.0878,15854557,15778326895
5,sh000006,地产指数,6122.2539,126.576,2.111,5995.6780,6020.9392,6128.9940,5993.0161,4450522,3849820045
6,sh000007,公用指数,4464.8077,42.156,0.953,4422.6516,4422.4862,4464.8077,4413.8302,20885882,12320455708
7,sh000008,综合指数,2524.5170,1.778,0.070,2522.7388,2518.2841,2525.9576,2495.2987,37655799,36439414276
8,sh000009,上证380,5651.5031,64.643,1.157,5586.8602,5587.9881,5652.2037,5574.7426,27480554,40876020352
9,sh000010,上证180,8246.0168,17.332,0.211,8228.6847,8213.7923,8249.6023,8147.7196,44753207,66135695287
10,sh000011,基金指数,6480.2583,14.005,0.217,6466.2532,6453.5589,6480.3570,6413.7693,275166344,45928197484
11,sh000012,国债指数,198.5945,0.084,0.042,198.5108,198.5772,198.6447,198.5442,41200,41358569
12,sh000015,红利指数,2742.2408,17.175,0.630,2725.0659,2727.0319,2744.9214,2717.4611,10432579,7693823443
13,sh000016,上证50,2634.0756,-1.173,-0.045,2635.2484,2628.6723,2635.6902,2603.7234,16073065,30371727541
14,sh000017,新综指,2624.6331,14.657,0.562,2609.9763,2608.4991,2625.3890,2596.2682,155370824,179130578304
15,sh000018,180金融,4271.9404,-20.579,-0.479,4292.5199,4269.0399,4273.8904,4211.8829,13342320,13187372449
16,sh000019,治理指数,1004.1112,3.984,0.398,1000.1272,999.0225,1004.4179,992.1314,45418192,47948190487
17,sh000020,中型综指,1324.6442,15.605,1.192,1309.0387,1309.1942,1324.6998,1305.6131,27544423,38098162816
18,sh000021,180治理,889.8217,2.646,0.298,887.1756,885.9485,890.1955,878.8970,30402246,33913748169
19,sh000022,沪公司债,226.5625,0.096,0.042,226.4665,226.5593,226.5652,226.5583,131515,120300084
20,sh000025,180基建,1678.4070,39.141,2.388,1639.2660,1638.4953,1678.4531,1634.2054,14063919,8588836903
21,sh000026,180资源,3001.7345,18.597,0.623,2983.1370,2980.2798,3003.3626,2967.2163,3734742,4454685849
22,sh000027,180运输,814.5971,0.942,0.116,813.6552,813.4145,814.9573,803.2320,1223830,1461366831
23,sh000028,180成长,3758.7974,-1.290,-0.034,3760.0872,3755.6177,3760.0314,3713.5035,7470241,23301323592
24,sh000029,180价值,3462.1500,14.742,0.428,3447.4082,3438.9906,3463.0243,3406.6248,24937853,21630620480
25,sh000030,180R成长,2333.5571,1.664,0.071,2331.8936,2329.0650,2334.6671,2305.0327,22188605,46895982887
26,sh000031,180R价值,2554.6240,9.097,0.357,2545.5269,2538.5714,2555.1880,2517.4104,39656217,45225279775
27,sh000032,上证能源,1688.9951,10.149,0.605,1678.8458,1676.7346,1690.1073,1670.2278,5376731,4095413294
28,sh000033,上证材料,2309.7830,11.612,0.505,2298.1712,2295.1907,2310.4882,2282.9836,7326119,8966933378
29,sh000034,上证工业,2467.9251,11.373,0.463,2456.5525,2454.2923,2468.1126,2432.2439,10733214,15792346240
30,sh000035,上证可选,2978.7005,-2.072,-0.070,2980.7724,2978.3414,2982.6242,2949.0123,3494658,7566679993
31,sh000036,上证消费,15134.8038,-254.868,-1.656,15389.6722,15374.9804,15383.8628,15013.6550,1577011,9954500942
32,sh000037,上证医药,7248.2640,67.089,0.934,7181.1747,7199.2958,7271.2914,7154.7643,3496331,11338723071
33,sh000038,上证金融,4232.8318,-9.957,-0.235,4242.7887,4223.7434,4234.8060,4172.2909,12448130,12894008842
34,sh000039,上证信息,3025.3884,43.130,1.446,2982.2581,2980.9802,3026.1918,2967.3367,2438388,9608103991
35,sh000040,上证电信,3017.5437,136.703,4.745,2880.8412,2878.2475,3019.8219,2876.3730,10966873,10444240366
36,sh000041,上证公用,2214.8943,36.726,1.686,2178.1679,2180.4914,2215.7617,2174.2303,8013182,5071332911
37,sh000042,上证央企,1445.5158,11.963,0.835,1433.5526,1432.4349,1445.9867,1422.6255,24133854,20237590893
38,sh000043,超大盘,2066.5879,-0.087,-0.004,2066.6745,2063.2577,2067.1392,2041.5787,7765906,18455273732
39,sh000044,上证中盘,3620.6854,21.630,0.601,3599.0554,3596.3173,3621.5695,3574.6269,28680143,35763967746
40,sh000045,上证小盘,4703.6374,48.525,1.042,4655.1125,4654.7023,4704.5594,4643.0174,37414817,41999278285
41,sh000046,上证中小,4125.9955,33.261,0.813,4092.7342,4090.9409,4126.6511,4074.9889,66094960,77763246031
42,sh000047,上证全指,3280.9150,14.136,0.433,3266.7791,3262.3685,3281.9849,3242.2928,82168025,108134973572
43,sh000048,责任指数,1324.0838,5.148,0.390,1318.9356,1316.1272,1324.1514,1305.7130,19929139,26784863558
44,sh000049,上证民企,1872.6470,4.134,0.221,1868.5133,1865.9161,1873.5880,1847.3470,5706053,18114092162
45,sh000050,50等权,2028.8723,0.139,0.007,2028.7337,2022.0060,2029.4578,2007.4137,16073065,30371727541
46,sh000051,180等权,8033.7605,20.361,0.254,8013.3995,8001.8867,8035.0612,7946.9494,44753207,66135695287
47,sh000052,50基本,2430.4407,2.480,0.102,2427.9608,2420.2317,2431.0111,2397.8845,16073065,30371727541
48,sh000053,180基本,9759.1619,38.394,0.395,9720.7681,9700.6182,9761.9602,9620.1125,44753207,66135695287
49,sh000054,上证海外,1125.9268,-0.060,-0.005,1125.9871,1121.8707,1126.2966,1109.4587,20237364,23181750385
50,sh000055,上证地企,1271.0461,-5.053,-0.396,1276.0993,1271.9450,1272.4778,1258.6080,9575451,17839812416
51,sh000056,上证国企,1063.6671,2.564,0.242,1061.1026,1059.1968,1063.9619,1050.0324,33709305,38077403309
52,sh000057,全指成长,4054.2767,8.391,0.207,4045.8857,4043.8522,4056.3738,4001.6524,13503723,36417938817
53,sh000058,全指价值,3664.0113,18.734,0.514,3645.2769,3638.8195,3664.7532,3610.5742,39031902,31031046821
54,sh000059,全R成长,3116.5355,11.012,0.355,3105.5235,3103.4105,3117.9353,3076.7094,48631417,82581847561
55,sh000060,全R价值,3408.6885,17.232,0.508,3391.4568,3384.6866,3409.3961,3362.4437,74159596,77194955565
56,sh000061,沪企债30,165.6595,0.051,0.031,165.6086,165.6595,165.6595,165.6595,0,0
57,sh000062,上证沪企,1616.2790,-3.881,-0.240,1620.1597,1616.3942,1617.0787,1602.1850,6593108,10426562789
58,sh000063,上证周期,2781.2382,-2.359,-0.085,2783.5970,2772.3235,2781.9103,2744.3666,18140319,19615590056
59,sh000064,非周期,3327.8679,14.005,0.423,3313.8628,3312.4509,3329.6132,3280.7912,21264106,40830263730
60,sh000065,上证龙头,3115.9584,15.625,0.504,3100.3335,3094.4723,3116.4062,3081.0102,29860225,41142570018
61,sh000066,上证商品,2531.3359,17.746,0.706,2513.5900,2509.0891,2532.3838,2499.0096,10183847,10192551383
62,sh000067,上证新兴,7148.4882,63.542,0.897,7084.9460,7080.9055,7149.1709,7039.2145,6530896,20654245860
63,sh000068,上证资源,2534.2935,19.638,0.781,2514.6552,2511.9765,2535.6521,2501.1534,9161971,9745943907
64,sh000069,消费80,5868.9295,-25.068,-0.425,5893.9971,5895.4840,5912.5280,5816.5137,5963157,24800008100
65,sh000070,能源等权,2629.5851,18.702,0.716,2610.8835,2607.1116,2630.7580,2598.3734,5376731,4095413294
66,sh000071,材料等权,3296.2849,19.944,0.609,3276.3408,3273.8946,3297.6279,3252.7834,7326119,8966933378
67,sh000072,工业等权,3190.5772,18.779,0.592,3171.7985,3171.2022,3190.9175,3143.7102,10733214,15792346240
68,sh000073,可选等权,3230.1431,2.386,0.074,3227.7575,3230.1885,3235.1054,3198.0125,3494658,7566679993
69,sh000074,消费等权,10105.7685,-210.151,-2.037,10315.9194,10308.6191,10338.8402,10049.5178,1577011,9954500942
70,sh000075,医药等权,8721.7605,102.993,1.195,8618.7674,8660.8456,8750.0832,8633.4193,3496331,11338723071
71,sh000076,金融等权,3890.4108,-18.742,-0.479,3909.1532,3895.5588,3895.5588,3842.9780,11329988,11258320869
72,sh000077,信息等权,3815.4260,56.153,1.494,3759.2725,3758.0293,3818.0587,3740.8868,2438388,9608103991
73,sh000078,电信等权,2270.3822,95.853,4.408,2174.5293,2170.4816,2271.7839,2169.7668,10966873,10444240366
74,sh000079,公用等权,2237.3147,39.493,1.797,2197.8215,2200.4200,2238.2931,2197.5310,8013182,5071332911
75,sh000090,上证流通,1183.4080,7.380,0.628,1176.0276,1174.9779,1183.6267,1169.5092,155370824,179130578304
76,sh000091,沪财中小,10748.1837,139.142,1.312,10609.0419,10620.4887,10748.9383,10595.2530,12047641,14214754171
77,sh000092,资源50,3240.4957,16.906,0.524,3223.5899,3219.6656,3241.4434,3203.0341,9267636,10739235828
78,sh000093,180分层,11110.0522,85.855,0.779,11024.1975,11020.6350,11112.3581,10978.1634,44753207,66135695287
79,sh000094,上证上游,2684.7586,20.204,0.758,2664.5543,2661.0823,2686.4188,2649.7944,8632237,9528107239
80,sh000095,上证中游,2966.1720,26.893,0.915,2939.2793,2935.1173,2966.5731,2919.8775,22410995,32556393854
81,sh000096,上证下游,4907.0537,18.490,0.378,4888.5637,4893.4028,4909.6702,4846.7911,20976783,40348514306
82,sh000097,高端装备,8693.1005,95.177,1.107,8597.9233,8588.6017,8694.1262,8550.1192,5948504,15234642152
83,sh000098,上证F200,4246.2922,24.291,0.575,4222.0008,4215.2315,4247.3341,4185.0276,53427182,53053945494
84,sh000099,上证F300,7481.3539,57.988,0.781,7423.3660,7422.2136,7481.3539,7407.4483,31278120,35869234123
85,sh000100,上证F500,4833.6043,29.183,0.607,4804.4215,4797.8022,4834.5361,4767.8150,84705302,88923179617
86,sh000101,5年信用,225.3682,0.085,0.038,225.2830,225.3630,225.3682,225.3630,13700,13746992
87,sh000102,沪投资品,6107.3054,50.151,0.828,6057.1546,6049.5216,6110.4250,5999.8218,8593555,15249287723
88,sh000103,沪消费品,10951.5112,-30.507,-0.278,10982.0185,11023.0023,11079.8398,10872.4467,5047679,18027331069
89,sh000104,380能源,1604.2876,12.016,0.755,1592.2717,1591.6785,1606.0881,1580.8459,1704411,1522953799
90,sh000105,380材料,4650.5494,42.550,0.923,4607.9994,4602.9568,4652.6045,4580.4881,3034704,4168843058
91,sh000106,380工业,5363.9824,58.952,1.111,5305.0301,5302.1900,5363.9824,5287.8354,7633274,9156181854
92,sh000107,380可选,5394.9099,5.407,0.100,5389.5031,5392.8357,5404.7704,5350.8945,1232748,3131428019
93,sh000108,380消费,14944.6888,-197.496,-1.304,15142.1848,15160.8458,15257.2662,14893.4170,917079,2170548990
94,sh000109,380医药,12403.7059,274.845,2.266,12128.8605,12173.5898,12421.8685,12173.5898,2654455,6417915751
95,sh000110,380金融,2689.3483,-2.915,-0.108,2692.2632,2690.8419,2694.8626,2665.1440,2494835,1314273047
96,sh000111,380信息,6917.8459,134.217,1.979,6783.6289,6783.2792,6918.2118,6746.7695,1478232,5377545080
97,sh000112,380电信,4250.0815,142.256,3.463,4107.8260,4102.4477,4252.5717,4097.5230,2082342,3646749221
98,sh000113,380公用,2392.2846,45.736,1.949,2346.5488,2351.0025,2393.5839,2345.9424,2450905,2054510439
99,sh000114,持续产业,1536.2931,12.877,0.845,1523.4161,1520.6199,1537.4050,1511.1529,7088231,7905516812
100,sh000115,380等权,7479.6303,84.806,1.147,7394.8239,7398.1757,7480.2859,7382.4121,27480554,40876020352
101,sh000116,信用100,185.3097,0.157,0.085,185.1524,185.2259,185.3178,185.2259,102899,96246125
102,sh000117,380成长,4908.3041,67.273,1.390,4841.0311,4839.7884,4909.3790,4822.7740,4656815,10469323043
103,sh000118,380价值,8030.8947,64.734,0.813,7966.1606,7974.4534,8033.7673,7954.9308,11234157,9330828243
104,sh000119,380R成长,4366.5922,55.346,1.284,4311.2463,4310.3144,4367.1065,4295.8910,18329673,33850565062
105,sh000120,380R价值,7330.3327,74.806,1.031,7255.5268,7260.0086,7332.0896,7247.2044,24907016,32712070262
106,sh000121,医药主题,10421.1568,154.503,1.505,10266.6538,10329.1320,10450.2810,10308.5799,5074541,12302045261
107,sh000122,农业主题,1830.2446,0.807,0.044,1829.4374,1828.0728,1830.8508,1811.5845,4316428,4727244289
108,sh000123,180动态,6389.5071,43.410,0.684,6346.0975,6339.9670,6390.3256,6296.5810,15454473,32249023494
109,sh000125,180稳定,10000.3001,-1.077,-0.011,10001.3769,9979.3296,10006.1992,9879.1633,29298735,33886671793
110,sh000126,消费50,10133.2112,-108.184,-1.056,10241.3957,10231.7582,10239.0895,10047.4758,2973977,14970684632
111,sh000128,380基本,7242.9386,66.879,0.932,7176.0596,7179.0740,7244.3152,7164.4888,27480554,40876020352
112,sh000129,180波动,12123.4198,15.479,0.128,12107.9409,12082.3584,12129.5275,11975.1752,33533727,36541431537
113,sh000130,380波动,10473.8544,53.565,0.514,10420.2896,10416.6833,10478.2238,10389.9238,8591959,5746962392
114,sh000131,上证高新,1599.5750,42.076,2.701,1557.4995,1561.0592,1602.9370,1557.6508,2604141,6906477650
115,sh000132,上证100,6239.2910,48.654,0.786,6190.6372,6187.7162,6239.5462,6167.5941,4182755,7514743065
116,sh000133,上证150,5055.6200,108.578,2.195,4947.0421,4948.7766,5057.2141,4945.9532,6172968,8323011987
117,sh000134,上证银行,732.0115,-0.095,-0.013,732.1067,731.2834,732.6888,723.9060,8431378,5406295128
118,sh000135,180高贝,5470.0396,-27.465,-0.500,5497.5044,5481.2413,5481.2413,5414.5642,10258243,26777000550
119,sh000136,180低贝,10219.7949,86.219,0.851,10133.5761,10136.0791,10225.3535,10087.0377,23211241,20690896006
120,sh000137,380高贝,4828.6104,78.344,1.649,4750.2667,4747.6014,4828.8943,4731.0027,6350958,11182636395
121,sh000138,380低贝,6327.1523,32.622,0.518,6294.5304,6298.9327,6335.8146,6286.6159,8663366,9028613412
122,sh000139,上证转债,343.0679,0.640,0.187,342.4283,342.1546,343.0988,341.5029,6325606,9374581124
123,sh000141,380动态,3657.7909,65.312,1.818,3592.4789,3593.5499,3658.0736,3583.1558,14369061,25473923845
124,sh000142,380稳定,8011.8378,44.439,0.558,7967.3989,7968.3124,8013.5406,7949.0062,13111493,15402096507
125,sh000145,优势资源,4910.7138,41.349,0.849,4869.3647,4861.3088,4914.1704,4840.3556,7431719,8644851848
126,sh000146,优势制造,8082.6723,90.597,1.134,7992.0757,7981.2827,8086.3083,7920.3060,4814762,14068381785
127,sh000147,优势消费,8671.9880,-62.572,-0.716,8734.5596,8761.3534,8794.9396,8631.8578,4176681,16043831672
128,sh000148,消费领先,9042.6161,10.663,0.118,9031.9533,9017.0440,9044.5329,8929.5777,22857498,40965369277
129,sh000149,180红利,3063.2802,4.212,0.138,3059.0679,3058.2797,3064.9034,3032.9143,11752913,10478740784
130,sh000150,380红利,10383.5018,103.554,1.007,10279.9478,10282.8201,10399.9973,10263.0328,2857670,2029765182
131,sh000151,上国红利,1296.2054,11.703,0.911,1284.5021,1286.5342,1297.1690,1283.2076,7679521,4321927749
132,sh000152,上央红利,2047.3287,6.632,0.325,2040.6967,2041.1269,2049.5948,2029.1092,10629535,6247759041
133,sh000153,上民红利,2868.5258,17.080,0.599,2851.4454,2846.8473,2870.1338,2843.0069,1301524,1482081776
134,sh000155,市值百强,2697.1243,3.039,0.113,2694.0858,2688.1487,2698.3338,2665.0405,27788911,45103213037
135,sh000158,上证环保,1948.4606,23.889,1.241,1924.5720,1922.9523,1949.4130,1911.4642,5636902,10887619305
136,sh000159,沪股通,3073.7143,13.424,0.439,3060.2900,3056.3772,3074.6412,3037.2427,75490281,108751052408
137,sh000160,沪新丝路,1763.6031,16.471,0.943,1747.1318,1746.6403,1763.9471,1741.4441,16242366,14865542612
138,sh000161,沪中国造,1919.3226,26.256,1.387,1893.0669,1891.9666,1919.3907,1883.2720,8742494,26403464923
139,sh000162,沪互联+,3090.7583,55.119,1.816,3035.6388,3030.1014,3090.7583,3026.6170,6540037,14579676310
140,sh000170,50AH优选,5033.3069,-1.332,-0.026,5034.6390,4990.4414,5034.6980,4949.4541,10767269,20758970360
141,sh000300,沪深300,3877.4743,5.840,0.151,3871.6338,3864.8356,3878.1680,3831.2450,64717142,117194993853
142,sh000682,科创信息,993.4097,17.509,1.794,975.9010,976.4316,993.4097,972.5259,729770,4984414673
143,sh000683,科创生物,1199.2615,11.469,0.966,1187.7921,1190.5027,1204.6463,1182.4513,670594,3793618102
144,sh000687,科创高装,1157.4362,29.668,2.631,1127.7687,1127.9348,1157.6884,1122.0393,554515,2288406781
145,sh000688,科创50,975.6074,15.703,1.636,959.9046,960.5094,975.7427,956.7036,6269959,25980242899
146,sh000689,科创材料,1302.4202,23.160,1.810,1279.2603,1281.3515,1302.8761,1270.9037,453902,2241268827
147,sh000690,科创成长,1299.3894,25.500,2.002,1273.8895,1271.3485,1299.7033,1263.9789,1073450,5765253207
148,sh000802,500沪市,6565.0856,72.721,1.120,6492.3648,6489.8442,6566.3508,6475.8221,30196246,35992988894
149,sh000819,有色金属,5350.7962,49.955,0.942,5300.8413,5291.6124,5352.8791,5264.4189,7305932,13357055324
150,sh000823,800有色,5746.5883,59.922,1.054,5686.6664,5678.3146,5750.0744,5649.6039,6765329,10671886157
151,sh000827,中证环保,2128.7019,16.297,0.771,2112.4051,2107.6149,2130.3526,2082.4558,11479078,31266671089
152,sh000847,腾讯济安,2771.7404,34.679,1.267,2737.0617,2736.9210,2771.7902,2731.7642,19575952,25103865151
153,sh000849,300非银,7784.5503,-96.597,-1.226,7881.1470,7801.0938,7801.0938,7649.2266,8363837,12079500944
154,sh000851,百发100,14714.4465,213.352,1.471,14501.0941,14490.6837,14714.5757,14416.0994,9918524,23740024311
155,sh000852,中证1000,6391.0880,109.467,1.743,6281.6209,6286.8142,6391.0880,6275.6881,78772119,94464572534
156,sh000853,CSSW丝路,1514.2380,2.272,0.150,1511.9662,1511.0674,1514.7943,1498.6824,14063714,28448656666
157,sh000854,500原料,4536.9799,42.295,0.941,4494.6849,4493.7330,4537.9763,4478.6760,9650528,11207514147
158,sh000855,央视500,1368.1087,4.021,0.295,1364.0878,1361.8689,1368.4195,1351.3568,84606278,156716062940
159,sh000856,500工业,6101.4713,76.178,1.264,6025.2930,6019.3864,6101.4713,6002.3954,11456192,14461190255
160,sh000857,500医药,12700.5408,217.237,1.740,12483.3035,12524.8512,12732.7643,12509.3030,5295890,12589263459
161,sh000858,500信息,6203.1221,127.473,2.098,6075.6490,6070.0823,6203.8827,6042.2964,3884217,8423987998
162,sh000860,结构调整,1061.2038,16.753,1.604,1044.4513,1044.3756,1061.2230,1041.0568,23528556,27036044256
163,sh000865,上海国企,1215.2450,-2.413,-0.198,1217.6582,1215.5908,1216.4442,1206.7737,6165229,5906561973
164,sh000867,港中小企,2410.9203,17.359,0.725,2393.5618,2385.2007,2410.9203,2353.0773,17098737,5188087007
165,sh000869,HK银行,2644.0922,19.425,0.740,2624.6671,2585.5861,2648.8048,2557.7250,4224235,2659917392
166,sh000891,新兴综指,1425.1187,21.042,1.499,1404.0763,1403.6644,1425.3054,1398.4174,132806924,202741618273
167,sh000901,小康指数,5131.1610,58.946,1.162,5072.2153,5066.7647,5131.8360,5040.1586,30541601,34554110317
168,sh000903,中证100,3747.5147,12.416,0.332,3735.0988,3728.9357,3748.7016,3697.2080,29989677,60382713708
169,sh000905,中证500,5929.0277,64.561,1.101,5864.4669,5861.5504,5929.3542,5848.1461,56596257,68968154378
170,sh000906,中证800,4219.1776,16.496,0.393,4202.6813,4196.6474,4219.7441,4167.4332,121313399,186163148231
171,sh000913,300医药,10667.3977,27.998,0.263,10639.3995,10647.2017,10733.3981,10536.3816,3733981,12009033067
172,sh000914,300金融,5207.4773,-14.175,-0.271,5221.6526,5196.4979,5208.5058,5125.1478,20576500,23010881715
173,sh000928,中证能源,2390.9268,14.219,0.598,2376.7076,2372.3214,2392.8334,2364.3072,4012986,3268410744
174,sh000932,中证消费,21220.0207,-353.130,-1.637,21573.1508,21538.3341,21568.6616,21056.6525,3988206,17472465200
175,sh000933,中证医药,10358.3152,78.220,0.761,10280.0950,10296.6228,10388.1177,10235.8970,9029872,24598296537
176,sh000934,中证金融,4902.0016,-8.493,-0.173,4910.4946,4888.4743,4902.9293,4825.2877,28977810,27834463919
177,sh000935,中证信息,3823.9017,62.213,1.654,3761.6891,3759.2436,3824.3318,3738.8419,9018110,22101446286
178,sh000974,800金融,5184.7146,-22.712,-0.436,5207.4270,5180.1549,5186.1556,5106.7706,23297256,22626593238
179,sh000982,500等权,7171.3785,77.260,1.089,7094.1190,7093.0343,7171.7161,7079.4021,56596257,68968154378
180,sh000986,全指能源,2079.5442,11.496,0.556,2068.0479,2065.0988,2080.6998,2057.3687,6865305,5305928818
181,sh000987,全指材料,3620.4983,28.842,0.803,3591.6565,3589.5270,3621.0289,3576.6412,33844170,39229750882
182,sh000989,全指可选,4689.2631,16.054,0.344,4673.2094,4671.3864,4689.9732,4635.8610,33311572,37405866504
183,sh000991,全指医药,11068.3812,141.723,1.297,10926.6584,10967.6546,11095.0152,10938.0816,32060003,53603714995
184,sh000992,全指金融,4714.2494,-5.280,-0.112,4719.5293,4699.5665,4715.0052,4641.8219,36372595,32544680744
185,sh000993,全指信息,5033.8293,105.811,2.147,4928.0184,4926.6416,5034.0584,4906.4874,36087981,56516097725
186,sz399001,深证成指,11076.6370,60.651,0.551,11015.9860,11003.0470,11079.3090,10921.4190,24415723797,276375231839
187,sz399002,深成指R,14082.7630,77.111,0.551,14005.6520,13989.2020,14086.1600,13885.4210,6053990682,111391337120
188,sz399003,成份Ｂ指,7856.6130,32.831,0.420,7823.7820,7825.5690,7856.6130,7802.1810,2511228,13938731
189,sz399004,深证100R,6779.0510,2.283,0.034,6776.7680,6762.3220,6781.3590,6691.0850,1752609587,51181406183
190,sz399005,中小100,7391.6490,51.314,0.699,7340.3350,7327.5670,7393.0760,7266.4650,1604346854,33810660674
191,sz399006,创业板指,2347.5260,0.759,0.032,2346.7670,2339.9810,2349.4510,2312.3090,5567108412,89040681815
192,sz399007,深证300,4736.4700,16.642,0.353,4719.8280,4712.5990,4737.7380,4672.1870,4210218727,89695897320
193,sz399008,中小300,1425.8750,13.710,0.971,1412.1650,1411.2480,1426.0510,1402.6980,3837542264,57645093058
194,sz399009,深证200,3990.7190,41.680,1.055,3949.0390,3948.2110,3991.1520,3930.3570,2457609140,38514491137
195,sz399010,深证700,6733.4980,127.303,1.927,6606.1950,6614.0110,6733.5170,6603.0610,6756739489,71729175231
196,sz399011,深证1000,5302.8890,43.033,0.818,5259.8560,5256.0210,5303.7690,5225.1270,10966958216,161425072551
197,sz399012,创业300,3253.9210,22.482,0.696,3231.4390,3225.1870,3255.8230,3198.0380,2117271312,50415165642
198,sz399013,深市精选,4814.7900,38.135,0.798,4776.6550,4774.9920,4815.1310,4749.6580,6095027948,95496695711
199,sz399015,中小创新,2275.7610,46.155,2.070,2229.6060,2232.6290,2275.7810,2229.1480,4912967534,50033735430
200,sz399016,深证创新,4029.908,76.299,1.930,3953.609,3948.941,4029.908,3933.289,978887271,30259825569
201,sz399017,SME创新,3399.450,61.914,1.855,3337.536,3339.612,3399.450,3327.810,882926448,23718971038
202,sz399018,创业创新,4003.925,74.032,1.884,3929.893,3927.135,4003.925,3914.549,616614419,21869412661
203,sz399030,碳科技30,3983.621,31.916,0.808,3951.705,3939.341,3989.817,3886.086,186504317,12208624695
204,sz399050,创新引擎,2685.182,24.646,0.926,2660.536,2657.990,2685.279,2641.181,632163312,12956485950
205,sz399060,碳科技60,2884.057,14.817,0.516,2869.240,2863.419,2886.427,2831.117,663979457,25213200630
206,sz399088,深创100,3496.567,23.036,0.663,3473.531,3469.269,3498.039,3441.992,1278275603,41604120320
207,sz399100,新指数,9244.806,84.265,0.920,9160.541,9156.707,9245.422,9118.336,23443381651,272970665808
208,sz399101,中小综指,11740.752,125.425,1.080,11615.327,11610.350,11741.744,11566.900,11416213931,121201489571
209,sz399102,创业板综,2714.242,27.478,1.023,2686.764,2684.167,2715.316,2669.418,5567108412,89040681815
210,sz399103,乐富指数,7093.541,6.891,0.097,7086.650,7075.193,7095.508,7009.853,12062338038,15194197922
211,sz399106,深证综指,1995.135,19.521,0.988,1975.614,1974.656,1995.324,1966.713,24415723797,276375231839
212,sz399107,深证Ａ指,2087.134,20.449,0.989,2066.685,2065.681,2087.333,2057.365,24410496706,276351911097
213,sz399108,深证Ｂ指,1159.131,1.799,0.155,1157.332,1157.145,1159.131,1153.898,5227091,23320742
214,sz399231,农林指数,1439.207,-30.820,-2.097,1470.027,1460.295,1463.307,1428.867,266184536,3676125794
215,sz399232,采矿指数,2560.304,25.394,1.002,2534.910,2527.833,2561.764,2517.533,200647202,2149733919
216,sz399233,制造指数,2544.414,25.009,0.993,2519.405,2519.582,2544.937,2506.867,12022591666,171195131840
217,sz399234,水电指数,874.922,10.364,1.199,864.558,862.060,875.153,862.060,427769935,2952268297
218,sz399235,建筑指数,1095.602,22.328,2.080,1073.274,1075.667,1095.602,1074.037,449586121,3324549279
219,sz399236,批零指数,1326.518,14.460,1.102,1312.058,1313.109,1326.745,1309.615,1507885290,12514323779
220,sz399237,运输指数,1222.266,-3.840,-0.313,1226.106,1222.942,1230.831,1212.315,317945689,2886679798
221,sz399238,餐饮指数,2658.138,-107.034,-3.871,2765.172,2719.074,2719.074,2609.158,187242439,1965648476
222,sz399239,IT指数,1456.029,54.510,3.889,1401.519,1402.712,1456.510,1399.951,3299188497,35909193430
223,sz399240,金融指数,1164.043,-3.987,-0.341,1168.030,1161.339,1164.325,1137.929,814991088,8988493064
224,sz399241,地产指数,1911.712,25.622,1.358,1886.090,1882.389,1913.600,1874.422,1329658127,7411823477
225,sz399242,商务指数,1031.766,15.182,1.493,1016.584,1017.507,1033.340,1014.567,763062353,4583744501
226,sz399243,科研指数,1681.204,4.890,0.292,1676.314,1673.529,1688.115,1663.047,103531719,2238260413
227,sz399244,公共指数,597.611,3.776,0.636,593.835,592.298,597.824,591.309,364338528,3419523697
228,sz399248,文化指数,809.854,15.808,1.991,794.046,796.801,814.735,791.006,995489197,6527051180
229,sz399249,综企指数,1162.781,9.687,0.840,1153.094,1150.049,1164.140,1142.178,17830090,179737167
230,sz399262,数字经济,1578.242,21.019,1.350,1557.223,1554.614,1578.431,1543.294,769796843,16376684060
231,sz399263,创业数字,1427.148,17.276,1.225,1409.872,1407.917,1427.416,1394.302,586103766,11214282930
232,sz399264,创新技术,1173.473,28.865,2.522,1144.608,1144.125,1173.549,1137.476,377622601,7111576582
233,sz399265,创新药械,1487.602,4.097,0.276,1483.505,1483.854,1497.190,1474.845,375319659,8440831516
234,sz399266,创新能源,3087.633,26.358,0.861,3061.275,3051.953,3092.388,3007.146,275280553,15353823312
235,sz399269,创质量,5249.836,51.121,0.983,5198.715,5185.031,5255.340,5144.897,414464051,18855857131
236,sz399274,深新基建,3097.624,49.557,1.626,3048.067,3047.473,3098.444,3029.708,530842416,12672758470
237,sz399275,创医药,4187.345,10.846,0.260,4176.499,4177.167,4211.538,4139.974,382569795,10361676233
238,sz399276,创科技,5287.430,40.751,0.777,5246.679,5235.991,5292.634,5189.793,398512182,14817203597
239,sz399277,公共健康,3002.129,54.615,1.853,2947.514,2959.384,3003.240,2947.954,599121426,13917176963
240,sz399278,长江100,1843.377,-1.921,-0.104,1845.298,1840.076,1844.464,1820.365,1541950002,34656904993
241,sz399279,云科技50,2524.541,44.205,1.782,2480.336,2478.771,2524.800,2462.501,660958408,12296381379
242,sz399280,生物50,3129.910,46.118,1.495,3083.792,3093.253,3137.953,3079.853,580921060,12244644654
243,sz399281,电子50,2555.390,30.853,1.222,2524.537,2524.426,2555.941,2494.111,580377599,7103614294
244,sz399282,大数据50,3441.162,126.058,3.803,3315.104,3316.959,3443.409,3307.698,675742098,9533874392
245,sz399283,机器人50,2700.568,48.158,1.816,2652.410,2654.372,2702.457,2643.891,396395949,4995184806
246,sz399284,AI 50,2625.914,72.249,2.829,2553.665,2552.590,2626.665,2543.879,616047469,9319846297
247,sz399285,物联网50,3294.458,42.284,1.300,3252.174,3252.514,3295.213,3232.995,603933955,11754206027
248,sz399286,区块链50,2811.205,49.554,1.794,2761.651,2757.883,2812.020,2746.944,1131114888,14621544200
249,sz399290,深转交债,156.769,0.143,0.091,156.626,156.513,156.793,155.804,28408080,3934018240
250,sz399291,创精选88,3455.680,70.501,2.083,3385.179,3387.087,3456.569,3376.308,569853499,10491867273
251,sz399292,民企发展,1024.216,15.400,1.527,1008.816,1011.214,1024.216,1009.335,3639650655,27158900178
252,sz399293,创业大盘,4591.001,-4.209,-0.092,4595.210,4578.816,4595.528,4521.404,449359955,23493865838
253,sz399294,中小创Q,2985.451,-9.948,-0.332,2995.399,2986.947,2986.947,2950.365,585801345,16452098881
254,sz399295,创业蓝筹,4743.160,23.597,0.500,4719.563,4716.430,4746.086,4676.198,302804385,12645111705
255,sz399296,创成长,5651.484,27.508,0.489,5623.976,5612.500,5658.170,5548.237,327383746,19291702785
256,sz399297,新浪100,3852.125,52.937,1.393,3799.188,3805.435,3852.125,3801.109,723145774,4657523506
257,sz399298,深信中高,191.022,0.077,0.040,190.945,191.016,191.023,191.016,1947000,195325950
258,sz399299,深信中低,220.001,0.120,0.055,219.881,219.989,220.001,219.989,40000,3970000
259,sz399300,沪深300,3877.474,5.840,0.151,3871.634,3864.836,3878.168,3831.245,6471714200,117194993853
260,sz399301,深信用债,194.464,0.078,0.040,194.386,194.458,194.464,194.458,1947000,195325950
261,sz399302,深公司债,197.488,0.086,0.044,197.402,197.476,197.488,197.476,1947000,195325950
262,sz399303,国证2000,7825.025,147.388,1.920,7677.637,7684.042,7825.025,7677.020,16202516825,155977552315
263,sz399306,深证ETF,1411.140,1.515,0.107,1409.625,1407.249,1411.606,1393.318,11904823868,14994574562
264,sz399307,深证转债,288.689,0.542,0.188,288.147,288.058,288.734,286.887,96062338,15550873587
265,sz399310,国证A50,6260.578,-12.199,-0.194,6272.777,6259.287,6263.113,6185.881,1392879706,37842454505
266,sz399311,国证1000,4093.980,17.778,0.436,4076.202,4071.048,4094.768,4043.470,14043123326,215042543038
267,sz399312,国证300,4582.824,9.571,0.209,4573.253,4566.846,4584.132,4527.057,5283280680,115808233535
268,sz399313,巨潮100,4601.644,-2.690,-0.058,4604.334,4593.542,4603.375,4547.954,3416563831,65450801393
269,sz399314,巨潮大盘,4243.855,3.228,0.076,4240.627,4231.769,4245.198,4194.600,5303666794,94813658277
270,sz399315,巨潮中盘,4064.942,30.363,0.753,4034.579,4032.748,4065.619,4010.767,3835739402,64287273460
271,sz399316,巨潮小盘,4707.474,55.886,1.201,4651.588,4653.349,4707.664,4642.533,4903717130,55941611301
272,sz399317,国证Ａ指,5181.853,43.204,0.841,5138.649,5135.078,5182.212,5113.277,39049330010,453985389386
273,sz399318,国证Ｂ指,4805.745,18.993,0.397,4786.752,4788.101,4805.745,4777.152,17897882,91661651
274,sz399319,资源优势,2137.094,20.269,0.958,2116.825,2113.069,2137.967,2105.742,1488394775,16118088489
275,sz399320,国证服务,2055.105,18.862,0.926,2036.243,2036.170,2055.298,2029.653,2298191617,16335739256
276,sz399321,国证红利,6227.844,-2.274,-0.037,6230.118,6216.895,6230.142,6159.469,1722395009,20095925033
277,sz399322,国证治理,8198.250,-26.426,-0.321,8224.676,8212.098,8212.098,8137.049,1089687313,21796674541
278,sz399324,深证红利,9037.520,-43.461,-0.479,9080.981,9076.323,9084.352,8975.410,796995168,12462096016
279,sz399326,成长40,4890.611,3.741,0.077,4886.870,4867.873,4891.433,4804.343,498359976,17516846956
280,sz399328,深证治理,10010.030,-46.168,-0.459,10056.198,10060.113,10060.113,9934.172,396998020,12374829681
281,sz399330,深证100,5083.325,1.712,0.034,5081.613,5070.781,5085.056,5017.363,1752609587,51181406183
282,sz399333,中小100R,8553.851,59.382,0.699,8494.469,8479.693,8555.502,8408.984,1604346854,33810660674
283,sz399335,深证央企,4217.208,47.405,1.137,4169.803,4163.391,4217.282,4147.261,770524382,11703102650
284,sz399337,深证民营,4950.693,3.392,0.069,4947.301,4934.153,4953.378,4874.785,1525734441,43932919393
285,sz399339,深证科技,7135.271,44.714,0.631,7090.557,7078.165,7137.211,7011.833,1234527607,39325493510
286,sz399341,深证责任,1715.202,0.601,0.035,1714.601,1714.002,1716.022,1699.163,1306722754,26314243976
287,sz399344,深证300R,5902.198,20.739,0.353,5881.459,5872.451,5903.777,5822.092,4210218727,89695897320
288,sz399346,深证成长,3623.406,-1.449,-0.040,3624.855,3615.755,3624.644,3572.026,1255004023,36948909158
289,sz399348,深证价值,5347.420,14.475,0.271,5332.945,5328.483,5347.779,5289.304,1674178647,16652338082
290,sz399350,皖江30,2255.910,25.381,1.138,2230.529,2222.409,2258.698,2216.565,377694521,6151965028
291,sz399351,创新示范,8439.972,56.002,0.668,8383.970,8363.501,8440.011,8301.245,1172191520,22539258483
292,sz399352,深企综指,7776.063,66.253,0.859,7709.810,7691.729,7776.145,7645.618,2758071560,41338319304
293,sz399353,国证物流,2284.827,-5.558,-0.243,2290.385,2288.725,2293.515,2273.097,691299763,6899258449
294,sz399354,分析师指数,7485.242,12.927,0.173,7472.315,7458.130,7485.866,7391.380,2446435805,62996408863
295,sz399355,长三角,2994.200,-14.367,-0.478,3008.567,2992.991,2994.583,2962.100,790327061,15546269188
296,sz399356,珠三角,9049.968,37.018,0.411,9012.950,8993.767,9051.299,8899.714,987703143,21522489172
297,sz399357,环渤海,2587.661,13.370,0.519,2574.291,2573.077,2588.467,2556.422,2031765599,16454911836
298,sz399358,国证环保,5371.677,24.213,0.453,5347.464,5332.704,5376.881,5257.943,662526965,23245103231
299,sz399359,国证基建,2593.962,32.812,1.281,2561.150,2560.897,2594.602,2553.402,2016100653,12998239253
300,sz399360,新硬件,3830.564,84.938,2.268,3745.626,3748.483,3831.058,3739.187,823071306,12304639302
301,sz399361,在线消费,2831.793,56.853,2.049,2774.940,2775.638,2832.346,2764.232,1253177708,10595506333
302,sz399362,民企100,7015.775,5.495,0.078,7010.280,6993.226,7019.989,6908.883,1208227690,48193639360
303,sz399363,云科技,3634.296,60.605,1.696,3573.691,3570.507,3634.448,3547.790,684097253,16254723366
304,sz399364,消费100,8753.996,18.834,0.216,8735.162,8724.571,8757.587,8629.658,1705358120,44776137430
305,sz399365,国证粮食,15752.759,-45.354,-0.287,15798.113,15773.564,15774.271,15593.032,426302265,5293179559
306,sz399366,能源金属,2030.197,25.235,1.259,2004.962,2004.081,2030.831,1994.201,497863578,10427041309
307,sz399367,1000地产,3866.252,73.571,1.940,3792.681,3797.173,3867.060,3788.742,684840745,5978248837
308,sz399368,国证军工,7629.527,162.806,2.180,7466.721,7459.953,7635.210,7436.643,397529843,8773893678
309,sz399369,国证责任,1474.053,5.900,0.402,1468.153,1467.638,1474.118,1456.210,1297264500,21622724033
310,sz399370,国证成长,4631.372,4.017,0.087,4627.355,4619.322,4632.754,4571.338,3122818646,83438469856
311,sz399371,国证价值,5615.054,25.799,0.462,5589.255,5580.427,5615.828,5543.455,6007135490,49593414574
312,sz399372,大盘成长,4770.226,-13.641,-0.285,4783.867,4770.846,4772.626,4707.470,1097046461,42161524276
313,sz399373,大盘价值,6520.079,17.463,0.269,6502.616,6485.693,6521.675,6427.818,2776862178,23855972507
314,sz399374,中盘成长,4678.672,14.022,0.301,4664.650,4661.326,4679.446,4623.315,894559972,24549645346
315,sz399375,中盘价值,4803.875,26.195,0.548,4777.680,4774.114,4805.063,4753.449,1650296667,14370216035
316,sz399376,小盘成长,5220.997,59.790,1.158,5161.207,5163.695,5221.707,5138.619,1131212213,16727300234
317,sz399377,小盘价值,6283.090,63.907,1.028,6219.183,6224.886,6283.961,6213.529,1579976645,11367226032
318,sz399378,ESG 300,2464.015,1.575,0.064,2462.440,2459.115,2465.141,2438.518,4153546849,85969997716
319,sz399379,国证基金,7326.811,16.273,0.223,7310.538,7292.153,7327.292,7231.506,39489612786,47949390588
320,sz399380,国证ETF,1436.831,3.836,0.268,1432.995,1429.552,1436.938,1416.958,39288710322,47641154137
321,sz399381,1000能源,2576.462,13.509,0.527,2562.953,2559.299,2578.428,2549.718,576042149,4599882121
322,sz399382,1000材料,2763.932,13.405,0.487,2750.527,2747.522,2764.494,2730.435,1705089072,24897528800
323,sz399383,1000工业,2745.310,16.241,0.595,2729.069,2725.410,2745.819,2703.082,2342731059,41045248069
324,sz399384,1000可选,3463.270,12.557,0.364,3450.713,3451.823,3463.967,3418.257,1194557423,17940561127
325,sz399385,1000消费,13234.789,-206.101,-1.533,13440.890,13426.736,13436.726,13136.464,647842609,22830790995
326,sz399386,1000医药,7485.945,59.924,0.807,7426.021,7442.725,7507.802,7398.450,1082677463,27929801407
327,sz399387,1000金融,4121.755,-17.685,-0.427,4139.440,4117.782,4123.533,4060.185,2540350187,23879613950
328,sz399388,1000信息,4036.840,67.733,1.707,3969.107,3964.186,4036.988,3943.531,1558819426,33324279054
329,sz399389,国证通信,3034.914,109.579,3.746,2925.335,2927.213,3035.768,2917.990,1398899868,11883250413
330,sz399390,1000公用,2313.662,34.447,1.511,2279.215,2280.069,2314.103,2275.027,933794882,5773158845
331,sz399391,投资时钟,3264.633,-7.070,-0.216,3271.703,3270.221,3271.358,3234.276,1932948575,32121868758
332,sz399392,国证新兴,2443.153,23.554,0.973,2419.599,2415.260,2443.467,2400.823,2331906819,53866480218
333,sz399393,国证地产,4246.962,81.057,1.946,4165.905,4172.397,4247.264,4163.222,1023488142,8425881928
334,sz399394,国证医药,11109.781,71.424,0.647,11038.357,11057.396,11155.405,10986.003,960857499,25121409122
335,sz399395,国证有色,5300.293,49.460,0.942,5250.833,5242.399,5302.474,5217.183,779027865,12265035192
336,sz399396,国证食品,26270.477,-444.359,-1.663,26714.836,26701.975,26742.297,26077.807,325953303,17797510268
337,sz399397,国证文化,1894.262,24.078,1.287,1870.184,1871.164,1895.069,1866.071,1129952475,13877454169
338,sz399398,绩效指数,10989.921,5.368,0.049,10984.553,10992.376,11053.141,10948.967,702929514,23930389673
339,sz399399,中经GDP,6620.498,15.627,0.237,6604.871,6595.273,6623.186,6537.126,5133388779,81599380750
340,sz399400,大中盘,3505.312,9.312,0.266,3496.000,3490.305,3506.192,3463.027,9139406196,159100931737
341,sz399401,中小盘,3952.034,37.210,0.950,3914.824,3914.484,3952.415,3898.547,8739456532,120228884760
342,sz399402,周期100,2977.909,-2.938,-0.099,2980.847,2967.811,2978.732,2935.843,2459707425,45612901111
343,sz399403,防御100,8933.669,-31.497,-0.351,8965.166,8965.721,8992.254,8855.854,1749148049,40526911238
344,sz399404,大盘低波,4645.480,7.959,0.172,4637.521,4629.046,4648.262,4593.849,2217160763,15856283144
345,sz399405,大盘高贝,2276.112,-0.392,-0.017,2276.504,2270.557,2276.395,2241.873,1074114119,38744837448
346,sz399406,中盘低波,10701.404,31.837,0.298,10669.567,10667.535,10703.989,10606.743,1459388149,11668759991
347,sz399407,中盘高贝,2536.301,24.519,0.976,2511.782,2508.766,2537.014,2492.107,1020426589,27241577638
348,sz399408,小盘低波,12530.092,98.375,0.791,12431.717,12431.333,12533.268,12405.590,1325581238,8355498554
349,sz399409,小盘高贝,4423.658,72.174,1.659,4351.484,4351.904,4423.658,4338.458,1506051406,20530283247
350,sz399410,苏州率先,2056.500,33.352,1.649,2023.148,2019.326,2057.585,2010.093,271400762,4779837416
351,sz399411,红利100,3118.469,19.867,0.641,3098.602,3097.962,3119.126,3092.197,1620579387,15949336712
352,sz399412,国证新能,3172.194,14.926,0.473,3157.268,3149.407,3175.640,3099.204,644299499,26116928768
353,sz399413,国证转债,146.350,0.272,0.186,146.078,145.984,146.364,145.607,159318398,24925454711
354,sz399415,I100,6740.121,103.899,1.566,6636.222,6632.933,6741.563,6617.367,1816925666,26720184669
355,sz399416,I300,3263.577,49.849,1.551,3213.728,3214.121,3263.875,3211.217,1294858489,16452093034
356,sz399417,新能源车,3420.568,5.505,0.161,3415.063,3408.071,3422.590,3351.589,409554931,18658187672
357,sz399418,国证国安,3554.096,76.000,2.185,3478.096,3473.297,3554.409,3462.817,1809300193,32193464860
358,sz399419,国证高铁,1671.412,20.319,1.231,1651.093,1650.446,1671.412,1645.312,522241732,4294863468
359,sz399420,国证保证,1085.878,-16.505,-1.497,1102.383,1090.509,1090.509,1068.146,925375298,12579362797
360,sz399422,中关村A,2868.444,52.933,1.880,2815.511,2816.052,2868.444,2808.879,3536813463,43247825513
361,sz399423,中关村50,2400.612,38.114,1.613,2362.498,2361.217,2400.612,2349.941,523832948,11120720205
362,sz399427,专利领先,2708.493,56.253,2.121,2652.240,2660.750,2709.670,2658.720,680173955,11934680035
363,sz399428,国证定增,3218.315,48.616,1.534,3169.699,3169.954,3218.770,3160.155,1089412173,16514009777
364,sz399429,新丝路,1411.299,12.673,0.906,1398.626,1397.593,1411.978,1392.934,1027776567,11769046522
365,sz399431,国证银行,5943.167,7.686,0.129,5935.481,5927.197,5946.847,5864.641,1041432454,7766129354
366,sz399432,智能汽车,5709.577,33.106,0.583,5676.471,5667.366,5713.267,5596.873,349145391,16123807520
367,sz399433,国证交运,1793.500,-6.375,-0.354,1799.875,1799.534,1801.176,1784.159,929771896,7259395173
368,sz399434,国证传媒,1637.859,38.920,2.434,1598.939,1599.714,1641.317,1597.531,1418714899,8949681279
369,sz399435,国证农牧,4751.497,-67.688,-1.405,4819.185,4803.046,4803.046,4707.070,566821938,7066078335
370,sz399436,绿色煤炭,3980.621,24.968,0.631,3955.653,3942.822,3984.611,3924.194,375259881,3309379403
371,sz399437,证券龙头,4934.601,-92.757,-1.845,5027.358,4958.164,4958.164,4844.326,871533367,10373077180
372,sz399438,绿色电力,1933.489,31.595,1.661,1901.894,1900.820,1933.759,1897.726,1028118707,7313303036
373,sz399439,国证油气,1482.491,9.041,0.614,1473.450,1474.596,1482.900,1469.272,851896986,5490477424
374,sz399440,国证钢铁,1232.922,8.067,0.659,1224.855,1223.635,1233.933,1219.446,431069768,2388162466
375,sz399441,生物医药,3465.897,32.341,0.942,3433.556,3440.761,3479.126,3409.270,362685335,10700686532
376,sz399481,企债指数,126.322,0.001,0.001,126.321,126.321,126.323,126.321,3600150,346944376
377,sz399550,央视50,6851.850,14.315,0.209,6837.535,6831.629,6855.476,6782.759,803308054,18328947011
378,sz399551,央视创新,7364.341,103.995,1.432,7260.346,7264.482,7366.981,7230.129,572832183,11097372347
379,sz399552,央视成长,7802.736,-3.545,-0.045,7806.281,7800.015,7805.378,7731.796,778605903,18752041578
380,sz399553,央视回报,7739.732,-5.110,-0.066,7744.842,7746.761,7753.840,7676.640,384609116,15296970693
381,sz399554,央视治理,6582.956,37.324,0.570,6545.632,6543.982,6585.517,6496.284,961994076,18775778840
382,sz399555,央视责任,4587.553,0.238,0.005,4587.315,4583.269,4590.298,4547.937,961673205,15497121118
383,sz399556,央视生态,2730.895,20.253,0.747,2710.642,2706.315,2733.350,2677.239,685268531,21834060029
384,sz399557,央视文化,1608.478,17.990,1.131,1590.488,1591.208,1608.873,1583.115,1129952475,13877454169
385,sz399602,中小成长,1127.317,7.622,0.681,1119.695,1117.678,1127.573,1108.108,1131086494,22958629718
386,sz399604,中小价值,1831.965,10.970,0.602,1820.995,1819.950,1832.496,1811.147,1135978019,10827064987
387,sz399606,创业板R,2512.820,0.812,0.032,2512.008,2504.744,2514.881,2475.123,769834263,29957195077
388,sz399608,科技100,3113.021,19.783,0.640,3093.238,3086.736,3114.835,3055.866,1029954267,34524372363
389,sz399610,TMT50,5308.086,95.504,1.832,5212.582,5210.056,5309.488,5176.555,783154932,14573653425
390,sz399611,中创100R,2563.238,3.498,0.137,2559.740,2552.250,2564.699,2523.466,1469749935,47556749577
391,sz399612,中创100,2272.888,3.102,0.137,2269.786,2263.145,2274.183,2237.621,1469749935,47556749577
392,sz399613,深证能源,3392.064,18.324,0.543,3373.740,3368.079,3393.912,3354.216,121401072,998530567
393,sz399614,深证材料,3226.616,18.286,0.570,3208.330,3204.662,3227.320,3184.413,868098231,15756932203
394,sz399615,深证工业,3652.431,30.527,0.843,3621.904,3614.992,3655.077,3576.647,1023838317,28450223866
395,sz399616,深证可选,5209.524,44.125,0.854,5165.399,5170.589,5211.865,5129.316,1019701727,12122129413
396,sz399617,深证消费,13490.914,-260.605,-1.895,13751.519,13711.246,13739.719,13393.041,217514426,9424351539
397,sz399618,深证医药,11686.114,94.199,0.813,11591.915,11619.104,11724.989,11559.566,796349831,19026014134
398,sz399619,深证金融,5753.720,-13.807,-0.239,5767.527,5732.586,5753.720,5630.183,612900762,7446435986
399,sz399620,深证信息,3667.623,72.032,2.003,3595.591,3593.773,3668.119,3574.389,1360589753,23201714471
400,sz399621,深证电信,2310.776,57.477,2.551,2253.299,2257.308,2311.661,2245.252,295907035,3303700601
401,sz399622,深证公用,1719.868,17.781,1.045,1702.087,1696.717,1720.646,1694.988,285168801,1919132944
402,sz399623,中小基础,7732.561,80.398,1.051,7652.163,7647.423,7733.318,7606.507,5380218228,70436855842
403,sz399624,中创400,1955.612,32.287,1.679,1923.325,1925.271,1955.740,1920.041,3883559158,53711334751
404,sz399625,中创500,1938.631,15.204,0.790,1923.427,1920.967,1939.228,1906.520,5353309093,101268084328
405,sz399626,中创成长,1606.018,4.730,0.295,1601.288,1596.642,1607.021,1578.902,1469678919,42992725096
406,sz399627,中创价值,1981.785,14.688,0.747,1967.097,1966.323,1982.075,1959.464,1986152363,21571441482
407,sz399628,700成长,1853.510,31.125,1.708,1822.385,1823.458,1853.588,1819.569,1165981472,19246345506
408,sz399629,700价值,2362.713,33.224,1.426,2329.489,2333.206,2362.999,2330.600,2142548780,18946173986
409,sz399630,1000成长,1444.195,6.750,0.470,1437.445,1434.370,1444.757,1421.414,2778240739,65687610356
410,sz399631,1000价值,1875.917,11.783,0.632,1864.134,1863.932,1876.077,1855.044,3922072910,36506173750
411,sz399632,深100EW,4793.025,22.816,0.478,4770.209,4761.115,4794.041,4722.625,1752609587,51181406183
412,sz399633,深300EW,5074.571,39.762,0.790,5034.809,5030.760,5075.572,5003.591,4210218727,89695897320
413,sz399634,中小等权,3533.096,28.744,0.820,3504.352,3501.873,3533.752,3479.996,1604346854,33810660674
414,sz399635,创业板EW,1781.607,19.804,1.124,1761.803,1760.086,1782.243,1747.854,769834263,29957195077
415,sz399636,深证装备,4466.387,43.204,0.977,4423.183,4415.718,4470.291,4373.144,674861494,21023263703
416,sz399637,深证地产,2454.865,47.547,1.975,2407.318,2407.243,2455.669,2400.867,432383009,3352534893
417,sz399638,深证环保,6300.608,26.833,0.428,6273.775,6253.810,6306.982,6161.109,493584758,18285363393
418,sz399639,深证大宗,2074.181,-10.000,-0.480,2084.181,2077.363,2078.919,2048.906,561164701,10713701729
419,sz399640,创业基础,2115.139,17.996,0.858,2097.143,2093.643,2116.197,2078.553,3077254198,59445207760
420,sz399641,深证新兴,2141.261,16.376,0.771,2124.885,2122.082,2142.082,2105.330,2702807480,65626375931
421,sz399642,中小新兴,1916.448,27.357,1.448,1889.091,1887.731,1916.853,1876.305,1556305997,30665342208
422,sz399643,创业新兴,2762.127,6.762,0.245,2755.365,2747.695,2764.517,2716.180,863350555,29943700816
423,sz399644,深证时钟,3824.876,-11.148,-0.291,3836.024,3830.121,3830.121,3785.346,1515948659,22925099081
424,sz399645,100低波,8569.218,7.927,0.093,8561.291,8552.029,8570.416,8483.979,1054116244,21188422627
425,sz399646,深消费50,8428.908,-66.631,-0.784,8495.539,8486.001,8491.331,8347.208,773774015,17642310712
426,sz399647,深医药50,11387.547,72.681,0.642,11314.866,11332.327,11430.729,11269.927,700515624,16030083645
427,sz399648,深证GDP,9688.892,66.317,0.689,9622.575,9620.624,9691.861,9569.393,1424795933,27292759152
428,sz399649,中小红利,3127.301,17.891,0.575,3109.410,3110.050,3128.550,3097.741,727446093,10562305600
429,sz399650,中小治理,2324.292,3.432,0.148,2320.860,2318.798,2324.700,2299.398,441277759,9931133652
430,sz399651,中小责任,1794.408,3.031,0.169,1791.377,1786.328,1794.715,1770.328,612270442,10435612487
431,sz399652,中创高新,3015.507,74.819,2.544,2940.688,2938.002,3017.576,2924.945,363601300,7985227989
432,sz399653,深证龙头,2509.935,-6.239,-0.248,2516.174,2513.099,2513.099,2480.933,1168296745,26305171004
433,sz399654,深证文化,1957.555,32.786,1.703,1924.769,1925.748,1959.264,1919.748,1170407713,11068846054
434,sz399655,深证绩效,10663.587,53.114,0.501,10610.473,10623.826,10678.187,10603.110,966706857,22377036620
435,sz399656,100绩效,6107.422,5.137,0.084,6102.285,6093.611,6109.231,6038.078,1752609587,51181406183
436,sz399657,300绩效,6244.215,27.316,0.439,6216.899,6211.660,6245.653,6172.427,4210218727,89695897320
437,sz399658,中小绩效,4044.891,12.303,0.305,4032.588,4031.292,4045.669,4000.677,1604346854,33810660674
438,sz399659,深成指EW,3758.686,43.494,1.171,3715.192,3715.400,3759.266,3703.094,6053990682,111391337120
439,sz399660,中创EW,2330.049,13.207,0.570,2316.842,2312.432,2330.789,2291.898,1469749935,47556749577
440,sz399661,深证低波,4902.667,20.747,0.425,4881.920,4882.045,4904.059,4857.527,1587272388,18799214584
441,sz399662,深证高贝,1862.917,18.426,0.999,1844.491,1841.411,1863.519,1827.329,1475318004,46213927023
442,sz399663,中小低波,1622.587,13.718,0.853,1608.869,1610.185,1623.088,1606.238,1168348928,11336276652
443,sz399664,中小高贝,1139.254,18.339,1.636,1120.915,1121.396,1139.448,1114.480,1067109746,25045387423
444,sz399665,中创低波,1771.329,18.489,1.055,1752.840,1754.284,1771.722,1748.717,2319304817,33262559070
445,sz399666,中创高贝,1485.996,24.383,1.668,1461.613,1460.854,1486.349,1453.009,1898904433,51928440238
446,sz399667,创业板G,3621.199,-11.114,-0.306,3632.313,3622.343,3623.736,3574.367,581002896,24398947251
447,sz399668,创业板V,3034.081,49.712,1.666,2984.369,2983.171,3034.089,2976.842,854329615,10493344496
448,sz399669,深证农业,10680.126,-156.782,-1.447,10836.908,10808.913,10822.297,10602.400,464869055,11844842624
449,sz399670,深周期50,3530.475,7.868,0.223,3522.607,3509.274,3532.210,3462.128,1092466855,28021632417
450,sz399671,深防御50,8271.969,-74.261,-0.890,8346.230,8338.445,8363.055,8229.689,742429472,19562380360
451,sz399672,深红利50,3962.519,36.578,0.932,3925.941,3929.676,3964.183,3928.156,442562751,5580325481
452,sz399673,创业板50,2333.889,-6.065,-0.259,2339.954,2332.024,2336.426,2298.217,510356896,22558523098
453,sz399674,深A医药,2442.847,30.644,1.270,2412.203,2422.927,2449.332,2416.299,2432361487,37759218381
454,sz399675,深互联网,2430.067,86.347,3.684,2343.720,2344.234,2432.373,2339.198,2387778473,28326322045
455,sz399676,深医药EW,3595.772,85.379,2.432,3510.393,3538.876,3602.335,3538.033,2432361487,37759218381
456,sz399677,深互联EW,3457.564,125.759,3.775,3331.805,3332.719,3461.481,3331.074,2387778473,28326322045
457,sz399678,深次新股,675.658,18.054,2.745,657.604,658.057,675.764,657.765,253104181,7219869641
458,sz399679,深证200R,4618.171,48.234,1.055,4569.937,4568.979,4618.671,4548.318,2457609140,38514491137
459,sz399680,深成能源,752.497,1.187,0.158,751.310,748.190,752.795,742.482,65326328,696112092
460,sz399681,深成材料,1108.005,5.922,0.537,1102.083,1100.928,1108.214,1093.756,836896088,14288633141
461,sz399682,深成工业,1627.841,9.270,0.573,1618.571,1615.268,1629.108,1595.922,805555885,24516916845
462,sz399683,深成可选,1506.232,10.583,0.708,1495.649,1497.424,1507.168,1482.402,750542746,10253155166
463,sz399684,深成消费,2731.436,-50.510,-1.816,2781.946,2775.858,2781.900,2713.349,378119780,11169655840
464,sz399685,深成医药,2354.062,17.349,0.742,2336.713,2340.748,2362.071,2328.854,763290279,17327967190
465,sz399686,深成金融,1755.797,-5.596,-0.318,1761.393,1750.781,1755.959,1715.532,768659699,8439222974
466,sz399687,深成信息,2438.782,46.486,1.943,2392.296,2390.748,2439.100,2377.455,1164121958,20231697385
467,sz399688,深成电信,1178.385,13.843,1.189,1164.542,1165.098,1180.754,1156.241,43136461,975788946
468,sz399689,深成公用,891.185,9.400,1.066,881.785,878.810,891.583,877.824,192545517,1119683658
469,sz399690,中小专利,2584.550,71.675,2.852,2512.875,2518.650,2585.432,2518.650,407869977,7710275204
470,sz399691,创业专利,2183.578,44.941,2.101,2138.637,2136.317,2183.913,2134.636,152562089,2482823710
471,sz399692,创业低波,2939.143,46.872,1.621,2892.271,2890.657,2939.391,2883.872,789403828,14512490361
472,sz399693,安防产业,3377.244,127.471,3.922,3249.773,3251.437,3378.941,3245.307,497989300,7832608674
473,sz399694,创业高贝,2687.913,49.639,1.881,2638.274,2635.131,2688.613,2624.376,560003117,22037395765
474,sz399695,深证节能,2672.927,38.281,1.453,2634.646,2632.937,2673.354,2621.722,947567786,26539518705
475,sz399696,深证创投,2656.992,33.935,1.294,2623.057,2622.891,2657.935,2608.902,1421491817,17827297135
476,sz399697,中关村60,3618.948,69.712,1.964,3549.236,3548.218,3618.988,3532.412,787563598,10468284821
477,sz399698,优势成长,30495.047,559.358,1.869,29935.689,29991.039,30505.396,29975.941,86946564,919665756
478,sz399699,金融科技,3220.313,77.179,2.455,3143.134,3135.941,3228.202,3128.151,1170157544,18529996003
479,sz399701,深证F60,7549.894,12.894,0.171,7537.000,7531.465,7550.135,7462.994,1438536687,24378820952
480,sz399702,深证F120,6836.889,25.611,0.376,6811.278,6806.113,6837.150,6753.375,2257742220,36410347157
481,sz399703,深证F200,6638.159,31.744,0.481,6606.415,6603.311,6638.340,6558.739,3279080620,52794886769
482,sz399704,深证上游,5028.705,58.463,1.176,4970.242,4960.455,5030.679,4937.247,523707439,9151877853
483,sz399705,深证中游,2919.591,19.003,0.655,2900.588,2895.219,2920.756,2868.312,1389482350,36587670986
484,sz399706,深证下游,6319.859,2.562,0.041,6317.297,6314.434,6328.913,6247.865,1631237424,37975771078
485,sz399707,CSSW证券,4781.573,-63.278,-1.306,4844.851,4795.163,4795.163,4699.467,1101771806,11644563568
486,sz399802,500深市,5052.492,53.958,1.079,4998.534,4995.440,5053.359,4980.837,2640001173,32975165492
487,sz399803,工业4.0,3678.803,34.613,0.950,3644.190,3640.593,3679.642,3614.998,534983087,17295057578
488,sz399804,中证体育,1361.269,20.159,1.503,1341.110,1344.015,1361.269,1340.737,391632624,4314019234
489,sz399805,互联金融,2403.349,57.704,2.460,2345.645,2341.615,2403.706,2335.111,1185542144,17887101735
490,sz399806,环境治理,1249.182,14.008,1.134,1235.174,1234.660,1249.388,1232.703,276671902,1937738721
491,sz399807,高铁产业,1160.573,9.389,0.816,1151.184,1151.076,1160.573,1147.956,371327376,2399253342
492,sz399808,中证新能,3339.924,26.345,0.795,3313.579,3305.507,3342.754,3259.959,904615988,31497640776
493,sz399809,保险主题,1676.247,-13.651,-0.808,1689.898,1682.505,1682.505,1655.351,802527784,9053532107
494,sz399810,CSSW传媒,2226.805,51.790,2.381,2175.015,2176.871,2230.815,2172.350,2046364089,17007291427
495,sz399811,CSSW电子,2828.524,27.476,0.981,2801.048,2800.063,2828.778,2771.002,613505940,13267450913
496,sz399812,养老产业,6601.505,20.267,0.308,6581.238,6588.739,6630.250,6555.170,1100700571,22748571537
497,sz399813,中证国安,5312.599,153.200,2.969,5159.399,5160.149,5312.599,5150.255,1307645026,25362118389
498,sz399814,大农业,1293.118,-14.751,-1.128,1307.869,1304.770,1304.770,1283.219,483472543,9748401308
499,sz399901,小康指数,5131.161,58.946,1.162,5072.215,5066.765,5131.836,5040.159,3054160100,34554110317
500,sz399903,中证100,3747.515,12.416,0.332,3735.099,3728.936,3748.702,3697.208,2998967700,60382713708
501,sz399905,中证 500,5929.028,64.561,1.101,5864.467,5861.550,5929.354,5848.146,5659625700,68968154378
502,sz399913,300 医药,10667.397,27.998,0.263,10639.399,10647.202,10733.398,10536.382,373398100,12009033067
503,sz399914,300 金融,5207.478,-14.175,-0.271,5221.653,5196.498,5208.506,5125.148,2057650000,23010881715
504,sz399928,中证能源,2390.927,14.219,0.598,2376.708,2372.321,2392.833,2364.307,401298600,3268410744
505,sz399932,中证消费,21220.021,-353.129,-1.637,21573.150,21538.334,21568.662,21056.652,398820600,17472465200
506,sz399933,中证医药,10358.315,78.220,0.761,10280.095,10296.623,10388.118,10235.897,902987200,24598296537
507,sz399934,中证金融,4902.001,-8.494,-0.173,4910.495,4888.474,4902.929,4825.288,2897781000,27834463919
508,sz399935,中证信息,3823.902,62.213,1.654,3761.689,3759.244,3824.332,3738.842,901811000,22101446286
509,sz399959,军工指数,1596.030,36.421,2.335,1559.609,1556.892,1596.823,1554.104,255782999,6033250962
510,sz399965,800地产,4350.090,86.949,2.040,4263.141,4271.683,4354.544,4258.696,580107888,5234354475
511,sz399966,800非银,4678.375,-56.700,-1.197,4735.075,4690.140,4690.140,4600.289,1187459325,14393317445
512,sz399967,中证军工,11316.252,254.234,2.298,11062.018,11055.761,11320.185,11025.187,443307823,9760481453
513,sz399970,移动互联,2599.161,49.213,1.930,2549.948,2548.632,2599.299,2536.259,1745901943,29469346101
514,sz399971,中证传媒,940.354,22.012,2.397,918.342,919.188,942.044,916.939,1106940127,10492309705
515,sz399972,300深市,4909.797,5.632,0.115,4904.165,4894.938,4911.307,4843.876,2098506051,57317541928
516,sz399973,中证国防,1896.895,46.755,2.527,1850.140,1848.293,1897.940,1842.874,167225001,5857065252
517,sz399974,国企改革,1675.693,12.932,0.778,1662.761,1659.249,1675.761,1650.963,2503444548,40873152288
518,sz399975,证券公司,625.631,-8.471,-1.336,634.102,627.594,627.594,614.962,1139551306,11876010038
519,sz399976,CS新能车,4128.238,9.809,0.238,4118.429,4110.872,4131.032,4045.619,342084882,17583175749
520,sz399982,500等权,7171.378,77.259,1.089,7094.119,7093.034,7171.716,7079.402,5659625700,68968154378
521,sz399983,地产等权,4514.646,53.132,1.191,4461.514,4467.975,4548.100,4436.741,305439666,3811172664
522,sz399986,中证银行,5707.907,8.329,0.146,5699.578,5692.541,5711.748,5633.072,1135705090,8130842662
523,sz399987,中证酒,8443.231,-163.341,-1.898,8606.572,8599.867,8617.012,8376.736,267084262,14310054136
524,sz399989,中证医疗,10448.566,-2.557,-0.024,10451.123,10444.426,10517.945,10311.113,303012771,11145174088
525,sz399990,煤炭等权,2801.743,12.243,0.439,2789.500,2780.781,2804.420,2768.717,399273296,3634412570
526,sz399991,一带一路,1858.040,19.212,1.045,1838.828,1838.296,1858.182,1832.780,1806492368,17382946524
527,sz399992,CSWD并购,1651.937,19.765,1.211,1632.172,1634.038,1652.326,1630.892,823217490,7877166433
528,sz399993,CSWD生科,3618.273,42.926,1.201,3575.347,3581.823,3626.419,3559.771,406086580,13477704283
529,sz399994,信息安全,1440.562,49.035,3.524,1391.527,1390.890,1443.327,1386.880,799110901,14613049617
530,sz399995,基建工程,3823.878,52.790,1.400,3771.088,3768.445,3823.878,3756.853,702646290,5013532867
531,sz399996,智能家居,2434.984,38.753,1.617,2396.231,2394.490,2435.094,2384.773,778632000,14681352941
532,sz399997,中证白酒,15326.861,-282.853,-1.812,15609.714,15596.730,15630.097,15190.742,109377205,11779848578
533,sz399998,中证煤炭,2165.512,8.529,0.395,2156.983,2148.843,2168.230,2136.061,399273296,3634412570
